"data","batch","sd_raw","sd_old_LS","sd_new_LS"
"qc","641031403",0.614978762243907,0.614978762243907,0.470091948530051
"qc","641031404",0.580333727927752,0.580333727927752,0.466497129279845
"qc","641031406",0.34366126389052,0.34366126389052,0.436194354784104
"condfit","re-run25",0.217462653404838,0.217462653404838,0.22798979691185
"condfit","run01",0.202428881235249,0.202428881235249,0.23072116896486
"condfit","run02",0.206693810930906,0.206693810930906,0.231055811224021
"condfit","run03",0.284861265044615,0.284861265044615,0.230962920676122
"condfit","run04rep",0.213692125167996,0.213692125167996,0.229890834852905
"condfit","run24",0.243430384373623,0.243430384373623,0.229401452683219
"sim","A",1.0173373779828,1.0173373779828,1.32566523818168
"sim","B",1.04505020857766,1.04505020857766,1.31661522813372
"sim","C",2.01689822288178,2.01689822288178,1.38362239604498
