"data","mode","model","reference","max_diff_vs_old","max_diff_vs_old_slash","old_error","equal_to_old"
"qc","one-step","L/S","-",0,1.31377595998335,"",TRUE
"qc","one-step","L/S","641031403",0,3.14052908061691,"",TRUE
"qc","one-step","L","-",0,0,"",TRUE
"qc","one-step","L","641031403",0,0,"",TRUE
"condfit","one-step","L/S","-",0,0.989113663819325,"",TRUE
"condfit","one-step","L/S","run01",0,2.029359066552,"",TRUE
"condfit","one-step","L","-",0,0,"",TRUE
"condfit","one-step","L","run01",0,0,"",TRUE
"sim","one-step","L/S","-",0,2.13474493722341,"",TRUE
"sim","one-step","L/S","A",0,4.1192847857846,"",TRUE
"sim","one-step","L","-",0,0,"",TRUE
"sim","one-step","L","A",0,0,"",TRUE
"condfit","two-step / fit condition","L/S","-",0,0,"",TRUE
"condfit","two-step / fit condition","L/S","run01",0,0,"",TRUE
"condfit","two-step / fit condition","L","-",0,0,"",TRUE
"condfit","two-step / fit condition","L","run01",0,0,"",TRUE
