"data","reference","batch","is_reference","iterations","change_after_iteration_1","min_abs_gamma_hat","n_negative_gamma_hat","n_peptides"
"qc","-","641031403",FALSE,5,35.2699510916974,0.000502296532955526,82,178
"qc","-","641031404",FALSE,4,13.7651460096866,0.0048280000161316,14,178
"qc","-","641031406",FALSE,7,10.0201295033651,0.00591402878709825,142,178
"qc","641031403","641031403",TRUE,2,Inf,0,63,178
"qc","641031403","641031404",FALSE,10,46.0070958785277,0.00251031676230326,21,178
"qc","641031403","641031406",FALSE,8,21.3143651621207,0.00315732741097893,131,178
"condfit","-","re-run25",FALSE,3,2.29764929464391,0.000569490603239654,68,126
"condfit","-","run01",FALSE,4,0.402902723934385,0.000839568557219275,58,126
"condfit","-","run02",FALSE,3,0.35039529573498,0.0110584447616695,61,126
"condfit","-","run03",FALSE,3,1.55112921640462,0.00105695759178455,59,126
"condfit","-","run04rep",FALSE,3,0.45483497623827,0.0384608195336944,61,126
"condfit","-","run24",FALSE,3,1.06298604200946,0.00326047772378588,65,126
"condfit","re-run25","re-run25",TRUE,2,229.615203373016,1.00430068658671e-16,38,126
"condfit","re-run25","run01",FALSE,3,0.607842316448626,0.0449233772479664,60,126
"condfit","re-run25","run02",FALSE,4,0.386361829229903,0.0114945603513781,59,126
"condfit","re-run25","run03",FALSE,3,0.367668093600824,0.00916712737429589,62,126
"condfit","re-run25","run04rep",FALSE,3,0.337744438621029,0.0131129125935448,60,126
"condfit","re-run25","run24",FALSE,4,25.4230738137854,0.000259633557130166,57,126
"sim","-","A",FALSE,5,7.50445582558932,0.00214104558449015,87,150
"sim","-","B",FALSE,5,4.29739700268542,0.0318353808794878,84,150
"sim","-","C",FALSE,4,2.52935492132977,0.0442426666707242,60,150
"sim","A","A",TRUE,2,Inf,0,59,150
"sim","A","B",FALSE,7,8.98565136558372,0.0327419637843638,79,150
"sim","A","C",FALSE,5,3.16238314334746,0.0547046628272425,61,150
